{"fconfig": {"lr": 0.00011879968202672898, "epochs": 2, "batch_size": 64}, "metric": {"name": "accuracy", "value": 0.9561106687898089}}